name,target,category
"part1.mp3",15,"timbre"
"part2.mp3",15,"timbre"
"part3.mp3",16,"idle"
"part4.mp3",16,"idle"
"part5.mp3",16,"idle"
"part6.mp3",16,"idle"
"part7.mp3",16,"idle"
"part8.mp3",16,"idle"
"part9.mp3",16,"idle"
"part10.mp3",16,"idle"
"part11.mp3",16,"idle"
"part12.mp3",16,"idle"
"part13.mp3",16,"idle"
"part14.mp3",16,"idle"
"part15.mp3",16,"idle"
"part16.mp3",16,"idle"
"part17.mp3",16,"idle"
"part18.mp3",16,"idle"
"part19.mp3",16,"idle"
"part20.mp3",13,"puerta"
"part21.mp3",13,"puerta"
"part22.mp3",16,"idle"
"part23.mp3",16,"idle"
"part24.mp3",16,"idle"
"part25.mp3",16,"idle"
"part26.mp3",16,"idle"
"part27.mp3",16,"idle"
"part28.mp3",16,"idle"
"part29.mp3",16,"idle"
"part30.mp3",16,"idle"
"part31.mp3",16,"idle"
"part32.mp3",16,"idle"
"part33.mp3",16,"idle"
"part34.mp3",16,"idle"
"part35.mp3",16,"idle"
"part36.mp3",16,"idle"
"part37.mp3",16,"idle"
"part38.mp3",16,"idle"
"part39.mp3",16,"idle"
"part40.mp3",3,"conversacion"
"part41.mp3",3,"conversacion"
"part42.mp3",3,"conversacion"
"part43.mp3",3,"conversacion"
"part44.mp3",3,"conversacion"
"part45.mp3",3,"conversacion"
"part46.mp3",3,"conversacion"
"part47.mp3",3,"conversacion"
"part48.mp3",3,"conversacion"
"part49.mp3",3,"conversacion"
"part50.mp3",3,"conversacion"
"part51.mp3",3,"conversacion"
"part52.mp3",3,"conversacion"
"part53.mp3",3,"conversacion"
"part54.mp3",3,"conversacion"
"part55.mp3",3,"conversacion"
"part56.mp3",3,"conversacion"
"part57.mp3",3,"conversacion"
"part58.mp3",3,"conversacion"
"part59.mp3",3,"conversacion"
"part60.mp3",3,"conversacion"
"part61.mp3",3,"conversacion"
"part62.mp3",3,"conversacion"
"part63.mp3",3,"conversacion"
"part64.mp3",3,"conversacion"
"part65.mp3",3,"conversacion"
"part66.mp3",3,"conversacion"
"part67.mp3",16,"idle"
"part68.mp3",16,"idle"
"part69.mp3",16,"idle"
"part70.mp3",16,"idle"
"part71.mp3",16,"idle"
"part72.mp3",16,"idle"
"part73.mp3",16,"idle"
"part74.mp3",16,"idle"
"part75.mp3",16,"idle"
"part76.mp3",16,"idle"
"part77.mp3",16,"idle"
"part78.mp3",16,"idle"
"part79.mp3",16,"idle"
"part80.mp3",1,"aspirador"
"part81.mp3",1,"aspirador"
"part82.mp3",1,"aspirador"
"part83.mp3",1,"aspirador"
"part84.mp3",1,"aspirador"
"part85.mp3",1,"aspirador"
"part86.mp3",1,"aspirador"
"part87.mp3",1,"aspirador"
"part88.mp3",1,"aspirador"
"part89.mp3",1,"aspirador"
"part90.mp3",1,"aspirador"
"part91.mp3",1,"aspirador"
"part92.mp3",1,"aspirador"
"part93.mp3",1,"aspirador"
"part94.mp3",1,"aspirador"
"part95.mp3",1,"aspirador"
"part96.mp3",1,"aspirador"
"part97.mp3",1,"aspirador"
"part98.mp3",1,"aspirador"
"part99.mp3",1,"aspirador"
"part100.mp3",1,"aspirador"
"part101.mp3",1,"aspirador"
"part102.mp3",1,"aspirador"
"part103.mp3",1,"aspirador"
"part104.mp3",1,"aspirador"
"part105.mp3",1,"aspirador"
"part106.mp3",1,"aspirador"
"part107.mp3",1,"aspirador"
"part108.mp3",1,"aspirador"
"part109.mp3",16,"idle"
"part110.mp3",16,"idle"
"part111.mp3",16,"idle"
"part112.mp3",16,"idle"
"part113.mp3",16,"idle"
"part114.mp3",16,"idle"
"part115.mp3",16,"idle"
"part116.mp3",16,"idle"
"part117.mp3",16,"idle"
"part118.mp3",16,"idle"
"part119.mp3",16,"idle"
"part120.mp3",12,"persiana"
"part121.mp3",12,"persiana"
"part122.mp3",12,"persiana"
"part123.mp3",12,"persiana"
"part124.mp3",16,"idle"
"part125.mp3",16,"idle"
"part126.mp3",16,"idle"
"part127.mp3",16,"idle"
"part128.mp3",16,"idle"
"part129.mp3",16,"idle"
"part130.mp3",16,"idle"
"part131.mp3",16,"idle"
"part132.mp3",16,"idle"
"part133.mp3",16,"idle"
"part134.mp3",16,"idle"
"part135.mp3",16,"idle"
"part136.mp3",16,"idle"
"part137.mp3",16,"idle"
"part138.mp3",16,"idle"
"part139.mp3",16,"idle"
"part140.mp3",14,"telefono"
"part141.mp3",14,"telefono"
"part142.mp3",14,"telefono"
"part143.mp3",14,"telefono"
"part144.mp3",14,"telefono"
"part145.mp3",14,"telefono"
"part146.mp3",14,"telefono"
"part147.mp3",14,"telefono"
"part148.mp3",14,"telefono"
"part149.mp3",14,"telefono"
"part150.mp3",14,"telefono"
"part151.mp3",16,"idle"
"part152.mp3",16,"idle"
"part153.mp3",16,"idle"
"part154.mp3",16,"idle"
"part155.mp3",16,"idle"
"part156.mp3",16,"idle"
"part157.mp3",16,"idle"
"part158.mp3",16,"idle"
"part159.mp3",16,"idle"
"part160.mp3",16,"idle"